station_id;name;lat;lon;capacity;stationCode;code_arr
1000;Station 000 -- Arr. 1;48.863719;2.33184;27;1000;75001
1001;Station 001 -- Arr. 2;48.872362;2.333296;40;2001;75002
1002;Station 002 -- Arr. 3;48.857791;2.361511;36;3002;75003
1003;Station 003 -- Arr. 4;48.854233;2.353888;38;4003;75004
1004;Station 004 -- Arr. 5;48.848318;2.349811;38;5004;75005
1005;Station 005 -- Arr. 6;48.854109;2.33537;34;6005;75006
1006;Station 006 -- Arr. 7;48.853263;2.313775;41;7006;75007
1007;Station 007 -- Arr. 8;48.875314;2.3123;16;8007;75008
1008;Station 008 -- Arr. 9;48.876261;2.334876;17;9008;75009
1009;Station 009 -- Arr. 10;48.875382;2.358287;44;10009;75010
1010;Station 010 -- Arr. 11;48.857591;2.382129;29;11010;75011
1011;Station 011 -- Arr. 12;48.841651;2.391723;16;12011;75012
1012;Station 012 -- Arr. 13;48.838567;2.353374;27;13012;75013
1013;Station 013 -- Arr. 14;48.826745;2.328464;24;14013;75014
1014;Station 014 -- Arr. 15;48.846516;2.292544;35;15014;75015
1015;Station 015 -- Arr. 16;48.858702;2.278602;29;16015;75016
1016;Station 016 -- Arr. 17;48.889973;2.309173;38;17016;75017
1017;Station 017 -- Arr. 18;48.892929;2.345467;39;18017;75018
1018;Station 018 -- Arr. 19;48.887875;2.385486;34;19018;75019
1019;Station 019 -- Arr. 20;48.865716;2.40127;19;20019;75020
1020;Station 020 -- Arr. 1;48.863656;2.338525;29;1020;75001
1021;Station 021 -- Arr. 2;48.867321;2.339219;36;2021;75002
1022;Station 022 -- Arr. 3;48.860444;2.359899;22;3022;75003
1023;Station 023 -- Arr. 4;48.850837;2.361173;18;4023;75004
1024;Station 024 -- Arr. 5;48.838069;2.34536;32;5024;75005
1025;Station 025 -- Arr. 6;48.851945;2.336345;34;6025;75006
1026;Station 026 -- Arr. 7;48.859873;2.310905;25;7026;75007
1027;Station 027 -- Arr. 8;48.875232;2.311735;28;8027;75008
1028;Station 028 -- Arr. 9;48.871897;2.333067;39;9028;75009
1029;Station 029 -- Arr. 10;48.877989;2.36057;16;10029;75010
1030;Station 030 -- Arr. 11;48.861762;2.378291;30;11030;75011
1031;Station 031 -- Arr. 12;48.842502;2.388763;38;12031;75012
1032;Station 032 -- Arr. 13;48.831827;2.352352;25;13032;75013
1033;Station 033 -- Arr. 14;48.828473;2.321217;15;14033;75014
1034;Station 034 -- Arr. 15;48.843948;2.291122;42;15034;75015
1035;Station 035 -- Arr. 16;48.863923;2.277786;30;16035;75016
1036;Station 036 -- Arr. 17;48.889662;2.306606;22;17036;75017
1037;Station 037 -- Arr. 18;48.891681;2.338251;24;18037;75018
1038;Station 038 -- Arr. 19;48.881212;2.376709;25;19038;75019
1039;Station 039 -- Arr. 20;48.864599;2.397378;43;20039;75020
1040;Station 040 -- Arr. 1;48.860987;2.341197;22;1040;75001
1041;Station 041 -- Arr. 2;48.87155;2.337366;38;2041;75002
1042;Station 042 -- Arr. 3;48.862178;2.3572;28;3042;75003
1043;Station 043 -- Arr. 4;48.857661;2.350391;42;4043;75004
1044;Station 044 -- Arr. 5;48.846538;2.347651;31;5044;75005
1045;Station 045 -- Arr. 6;48.843816;2.333789;20;6045;75006
1046;Station 046 -- Arr. 7;48.854582;2.313231;24;7046;75007
1047;Station 047 -- Arr. 8;48.878207;2.311543;33;8047;75008
1048;Station 048 -- Arr. 9;48.872906;2.338317;38;9048;75009
1049;Station 049 -- Arr. 10;48.881437;2.36334;16;10049;75010
1050;Station 050 -- Arr. 11;48.860427;2.385853;20;11050;75011
1051;Station 051 -- Arr. 12;48.837441;2.386294;32;12051;75012
1052;Station 052 -- Arr. 13;48.828441;2.349493;33;13052;75013
1053;Station 053 -- Arr. 14;48.829111;2.320117;32;14053;75014
1054;Station 054 -- Arr. 15;48.837938;2.294254;16;15054;75015
1055;Station 055 -- Arr. 16;48.869987;2.287655;17;16055;75016
1056;Station 056 -- Arr. 17;48.888658;2.303042;31;17056;75017
1057;Station 057 -- Arr. 18;48.893071;2.341748;29;18057;75018
1058;Station 058 -- Arr. 19;48.885339;2.379552;23;19058;75019
1059;Station 059 -- Arr. 20;48.867264;2.401628;15;20059;75020
